employee_id,employee_firstname,employee_lastname,employee_email,employee_skill,employee_education
1,Aaron,Peerman,iznknsnp1j@gmail.com,,
2,Abbott,Constantine,rberrill24@toplist.cz,Kaizen Blitz,Chongqing University of Science and Technology 
3,Abby,Butson,mgrunbaum4i@stanford.edu,DNA Extraction,Shanghai Ocean University
4,Abel,Osichev,lz1ntx@hotmail.com,,
5,Adam,Aldie,tdsguu@gmail.com,,
6,Adara,Skitterel,mcarle5l@cloudflare.com,Vulnerability Management,Yangtze University
7,Adriana,Asals,kz0sxq9@hotmail.com,,
8,Agata,Kynston,u8hyay@gmail.com,,
9,Agata,Manktelow,ztuum0a@example.com,,
10,Aigneis,Scrivinor,7islgiv@yahoo.com,,
11,Aile,Wigg,1t6y5pn1m@gmail.com,,
12,Alard,McKillop,8nphb0@yahoo.com,,
13,Alberta,Gilroy,fj5b5wz@yahoo.com,,
14,Albertine,Sperring,5ulqo@hotmail.com,,
15,Aldous,Keynes,spalle5p@canalblog.com,MVNO,Florida Institute of Technology
16,Alex,Ricart,lbreakspear6c@zimbio.com,Eyewonder,Graduate Theological Union
17,Alexi,Yanshinov,yx0x3@gmail.com,,
18,Alexina,Kemsley,gnalv6cf@hotmail.com,,
19,Alexio,Hill,8puvyqg@example.com,,
20,Alexis,Dane,fpavlenko6j@go.com,Jet Engines,Biju Pattnaik University of Technology
21,Alf,Sambell,hisyf@hotmail.com,,
22,Algernon,Le Jean,6fhlm1y62a@example.com,,
23,Alice,Camidge,i4cm3b0m4c@yahoo.com,,
24,Alisander,Scoyne,coager3u@google.it,Psychodynamic Psychotherapy,Darul Quran Islamic College University
25,Allayne,Coie,zajp36wj@hotmail.com,,
26,Allianora,Bengall,be62c0t2@hotmail.com,,
27,Allianora,Redwing,cco7o1r@yahoo.com,,
28,Allie,Eccleston,ekeays4e@wunderground.com,JRockit,South Gujarat University
29,Ally,Wharf,lologan3y@google.fr,Mechanical Engineering,"Hogeschool voor Wetenschap en Kunst (VLEKHO), Brussel"
30,Alphonso,Johannesson,8lmsdnq1@example.com,,
31,Alphonso,Wycliffe,r7b6zlaay@example.com,,
32,Alva,Behrendsen,vmn5y2vb9j@example.com,,
33,Alyda,Garvagh,sz65f5f@gmail.com,,
34,Alyosha,Barbery,35q6g1y@gmail.com,,
35,Alyssa,Blabie,9c795v@example.com,,
36,Amerigo,Tod,iasbl0xr@example.com,,
37,Ami,Peeter,llonergan2o@soundcloud.com,Oversight,Shenyang University
38,Andeee,Wandrich,jbk2n1@yahoo.com,,
39,Andreana,Crystal,e7sewha@gmail.com,,
40,Andria,Hubeaux,96vzw4@example.com,,
41,Andrus,Vale,huii8jjm8@gmail.com,,
42,Anett,Risdale,dtriggol1f@dyndns.org,IM,Mindanao State University - Iligan Institute of Technology
43,Ange,Gainsbury,qxd8xwbry@gmail.com,,
44,Ange,Linskill,vqwqz30@yahoo.com,,
45,Angelle,Delyth,cgilbertson6g@people.com.cn,JBoss Seam,Sokoto State University 
46,Anjela,Fludgate,u1bskifw@gmail.com,,
47,Annora,Dybell,cibhiqqao@yahoo.com,,
48,Antonia,Longley,kcollinson1u@google.com.au,CD Mastering,Tshwane University of Technology
49,Antonietta,Denham,dmvjcq@yahoo.com,,
50,Antonina,Gatrell,lp8cug9s@yahoo.com,,
51,Antonino,Gleave,mlindstedt52@bloglines.com,JMS,University College Bahrain
52,Araldo,Robardet,a73ld@example.com,,
53,Archer,Groger,t71vixawdo@yahoo.com,,
54,Ardella,Edler,aliesj@freewebs.com,Simulations,Yonok University
55,Ardisj,Dockreay,v3i8v7yuo@yahoo.com,,
56,Ardith,Curran,qa0sswqu7@hotmail.com,,
57,Ariella,Bentham3,rvpcrh@hotmail.com,,
58,Ariella,Coldham,tojvi1f@gmail.com,,
59,Arin,Battany,pj8mtm@example.com,,
60,Arlan,Yeldon,htnh8zbymu@example.com,,
61,Arlena,Rasp,m64tkfoq@yahoo.com,,
62,Arlyn,Carme,u9uqytmaoz@gmail.com,,
63,Arri,Mosby,ruqsfucsg@example.com,,
64,Artair,Millom,q79aav@hotmail.com,,
65,Arther,Ricker,gy4vllw@example.com,,
66,Ash,Courcey,79vcx3gfnl@example.com,,
67,Ashby,Maneylaws,uj8bm6nr@gmail.com,,
68,Ashlan,Diwell,z593gjk@gmail.com,,
69,Ashlen,Fretter,5kj5i@example.com,,
70,Aubrey,Tetlow,kberthomieu2z@canalblog.com,RMDS,"Universidad de Puerto Rico, Bayamon"
71,Augy,Joney,0e5qxjxy@hotmail.com,,
72,Austin,Calbaithe,ydb6nmsy@example.com,,
73,Aylmar,Dibley,vo54jf@example.com,,
74,Baird,Osmond,yyfi00578@example.com,,
75,Bambi,McKeeman,j2fuj65sn7@hotmail.com,,
76,Barbabas,Yorke,bcnebj91@yahoo.com,,
77,Barbette,Neiland,tsoro3s@yahoo.co.jp,Administrative Law,Kyoto University of Art and Design
78,Barby,Cardero,smunsono@moonfruit.com,Sellers,Université Mohammed V - Souissi
79,Barn,Woodroffe,broskamsd@soup.io,Kinesiology,Universidad Politécnica de Valencia
80,Barnebas,Zanitti,t8tc0xrqy@hotmail.com,,
81,Barri,Ebbins,cpotapczukk@linkedin.com,TDR,"Concordia University, Portland"
82,Bearnard,Foote,hewers11@cbsnews.com,Urology,Universidad Autónoma Metropolitana - Azcapotzalco
83,Beatrix,Kalinke,3cgl24@gmail.com,,
84,Beck,Fache,dboldeckev@oaic.gov.au,MDS 3.0,Emeishan Buddhist College
85,Becky,Klishin,h2ojj@yahoo.com,,
86,Ben,Gowrie,rs2a9a@hotmail.com,,
87,Bennett,Cowland,1hvb7y5px@gmail.com,,
88,Berkeley,Kennerley,sr2ip5iq@gmail.com,,
89,Berkeley,Wilsdon,athecham5i@wp.com,Assurance,Universidad La Republica
90,Berkie,Cotton,aoympl@gmail.com,,
91,Bernelle,Czaple,rago0fse@hotmail.com,,
92,Bernette,Lukesch,kchipman23@indiatimes.com,Knee Pain,Bryn Mawr College
93,Bernie,Elliot,77fzbg@hotmail.com,,
94,Bethena,O' Gara,9bqbd2secr@hotmail.com,,
95,Betteanne,Basterfield,yl4niptc@yahoo.com,,
96,Beverlee,Sugge,mfigures5s@bravesites.com,XML Standards,Arba Minch University
97,Bill,Rebillard,v3o6gcrgo1@hotmail.com,,
98,Bjorn,Manser,kmenary44@nature.com,WS-I,Atish Dipankar University
99,Blake,Jaksic,80yxy7oco@hotmail.com,,
100,Blinny,Cutmere,1zvmes0pv@hotmail.com,,
101,Blisse,Davidovics,cdgio3@hotmail.com,,
102,Blondie,Cuddehay,femwmcq@hotmail.com,,
103,Bobbee,Everson,bj37wmjl03@hotmail.com,,
104,Bobina,MacLucais,sv5icyfk@example.com,,
105,Bord,Caldwell,kzvrfa7@example.com,,
106,Brade,Crowcroft,dpntmq@gmail.com,,
107,Bran,Beininck,mtams5n@tinyurl.com,VLAN,Bule Hora  University
108,Branden,Proschek,zpfezfmkl@yahoo.com,,
109,Brandise,Simchenko,8k2qcv@hotmail.com,,
110,Brandon,Vaughan-Hughes,oc24d@yahoo.com,,
111,Brett,Coldridge,zpj3ks@gmail.com,,
112,Briana,Geerdts,1pxyin@yahoo.com,,
113,Briant,Gifford,adblddr61@yahoo.com,,
114,Brina,Giovanazzi,gbarkess6a@purevolume.com,LGBT Rights,Lead City University of Ibadan
115,Brnaba,Mattisson,1ra1x4yy@example.com,,
116,Brockie,Rickwood,dmaulden3t@wired.com,Yellow Belt,Ben-Gurion University of the Negev
117,Broddy,Dameisele,kdavidwitz28@123-reg.co.uk,Military Operations,Tokai Gakuen University
118,Bryant,Shellcross,gop4yhr@hotmail.com,,
119,Burk,Hauch,ghonsch2q@bing.com,LLVM,Virginia Military Institute
120,Burt,Rawsthorne,t8q1i4vx@gmail.com,,
121,Byron,Guiraud,b38omz@example.com,,
122,Cacilie,O'Heffernan,hferrerp@github.com,Chemical Engineering,University of Virginia
123,Caddric,Ramsey,rlrko@gmail.com,,
124,Cahra,O'Glassane,hyzw1kge71@example.com,,
125,Calhoun,Bown,ztiffany16@t.co,Lotus Notes,Universidade Católica de Pernambuco
126,Calvin,Wormell,ugm26lozb@hotmail.com,,
127,Candida,Tarney,mgju9khngr@gmail.com,,
128,Caprice,Eye,cthurlow5v@state.gov,Youth Mentoring,Yantai University
129,Carey,Dracksford,1c3y2a@example.com,,
130,Carleen,Penticoot,17rtahmh@yahoo.com,,
131,Carleton,Carnell,spenlington1z@wufoo.com,Xplan,Eastern Washington University
132,Carlo,Stout,mcorradengo15@clickbank.net,ASP.NET AJAX,Tokyo Metropolitan Institute of Technology
133,Carlos,Tebbett,oo252@yahoo.com,,
134,Carly,Garlinge,qh73tp2@yahoo.com,,
135,Carmelina,Callar,0112xvei@gmail.com,,
136,Carmita,Cisson,40kdtm@example.com,,
137,Carol,Liggens,gjdthrvdi@yahoo.com,,
138,Carrie,Haffner,rcuhbn6q@example.com,,
139,Carver,Pettet,kdumbeltonx@narod.ru,HP Proliant,Centre Universitaire de Tiaret
140,Casey,Allery,5isslcfkti@yahoo.com,,
141,Casey,Athy,rew6gf@hotmail.com,,
142,Cassandra,Ashwin,umon2i@yahoo.com,,
143,Cassy,Kelshaw,agiff5z@marriott.com,Whiplash,National Chung Cheng University
144,Catha,Waight,za9xu99i@gmail.com,,
145,Catharine,Pickavance,ipa1i01@example.com,,
146,Cathyleen,Gerner,tlarking2y@skype.com,Icon Design,Deakin University
147,Cazzie,Wackley,7f2ep06@yahoo.com,,
148,Cece,Harradence,qjdjd5c@hotmail.com,,
149,Celestyna,Godridge,jeakley42@vistaprint.com,RFLP,Taipei Medical College
150,Celine,Rummings,ochlxxdq@yahoo.com,,
151,Chadd,Buttle,mgilcrist5d@cbsnews.com,Xdebug,Al-Isra University
152,Chadwick,Tutt,z3nhfd@example.com,,
153,Chantalle,Bagniuk,tmaffia@163.com,Slope Stability Analysis,Ahsanullah University of Science & Technology
154,Charis,Bothram,bpaulich65@wunderground.com,RCV,Universidad Abierta Interamericana
155,Charissa,Varren,3elk46f5wa@yahoo.com,,
156,Charmine,Urlich,yx6satqv5@hotmail.com,,
157,Cherrita,Rubinchik,fq6o9ms@hotmail.com,,
158,Chery,Ickovic,4otqw7c@hotmail.com,,
159,Chev,Edards,751zw7tfmq@hotmail.com,,
160,Chickie,Desorts,zkj3q@yahoo.com,,
161,Chicky,Grishelyov,uduxfield6k@wired.com,JCE,Free University (Virginia Theological University)
162,Chilton,Oxherd,10ka1@yahoo.com,,
163,Chiquita,Kubyszek,8oyqc@gmail.com,,
164,Chloette,Rumens,vmj627a@gmail.com,,
165,Christabel,Holligan,iqxcqpyx7@yahoo.com,,
166,Christoforo,Puddle,lbilsford34@cam.ac.uk,EEOC,"Universitas Pembangunan Nasional ""Veteran"" East Java"
167,Christoph,Wield,gmcinteee@sun.com,PDMS,Suez Canal University
168,Chrotoem,Greasley,bliffe5k@nasa.gov,Android,University of Molise
169,Chrystel,Grimmolby,fl92is5ioy@hotmail.com,,
170,Cindra,Colleran,avbqlohax@hotmail.com,,
171,Cinnamon,Grafom,g26zxykzo@gmail.com,,
172,Cirilo,Briatt,yba3axl61i@hotmail.com,,
173,Claire,Guerrieri,gdevuyst3a@ask.com,PTS,Ural State Academy of Mining and Geology
174,Clare,Wemes,ttxod8b1sw@gmail.com,,
175,Claretta,Cromley,0yq9fzx90@yahoo.com,,
176,Claribel,Baldam,pebbles47@google.de,IDX,Tokyo Institute of Polytechnics
177,Clarie,Edworthye,m3a7eh@gmail.com,,
178,Claudette,Musselwhite,p7w4u@gmail.com,,
179,Claudine,Hauck,aformoy39@fotki.com,CDL Class A,Yaroslavl State Pedagogical University
180,Clay,Dyche,qk6jrhlz9@gmail.com,,
181,Cleon,Escot,e3n4ffjo@gmail.com,,
182,Clo,Grafom,ggut3erv@yahoo.com,,
183,Clotilda,Threadkell,w8qtbrr@hotmail.com,,
184,Cly,Eastway,r0in2ndq@hotmail.com,,
185,Clywd,Roadnight,mthorne1q@artisteer.com,LNA,Al-Jabal Al-Gharbi University
186,Cob,Daniellot,mxmcima@hotmail.com,,
187,Constantia,McKag,ghnq4@gmail.com,,
188,Corbett,Owttrim,qnt9h@gmail.com,,
189,Corbin,Domotor,ushymmhz@example.com,,
190,Corella,Klicher,ifurmageb@washington.edu,Talent Booking,Eurasia International University
191,Cori,Karys,jkilvington43@cisco.com,Mycobacteriology,Coker College
192,Coriss,Capineer,rikin4y@mediafire.com,XMLHTTP,Swarthmore College
193,Cornell,Fancy,jy0lj6zal@gmail.com,,
194,Corrie,Minster,gtudball4h@ucoz.ru,Sickness Absence Management,Norwegian School of Management BI
195,Corrine,Manueau,7twbffql@yahoo.com,,
196,Corrinne,Mccaull,bfrancescotti3f@ebay.co.uk,TTP,Tobb Economics and Technology University
197,Cort,Grunguer,atabor4r@epa.gov,Broadcast,Allianze College of Medical Sciences (ACMS)
198,Cozmo,Summerrell,k5wemyq52@yahoo.com,,
199,Crosby,Cawtheray,f49q7n@example.com,,
200,Cullie,Kettell,41kn9fobfh@hotmail.com,,
201,Cully,Yeabsley,4p217@hotmail.com,,
202,Cynthy,Marti,9s6m24sq@yahoo.com,,
203,Daffie,Curds,juwkee@yahoo.com,,
204,Dallas,Mayfield,r41te@hotmail.com,,
205,Dana,Lacasa,nghioni6d@salon.com,Microsoft Exchange,"CollegeAmerica, Denver"
206,Dania,Hamson,ldouris1c@shareasale.com,Emotional Intelligence,Centre Universitaire de Technologie
207,Danit,Mahy,8cs3blf89@gmail.com,,
208,Dannie,Boydon,kor8obdq@example.com,,
209,Dannye,Kenealy,8rrrw@hotmail.com,,
210,Danya,Bradneck,mteligin1p@free.fr,CNG,University of Bacau
211,Danyette,Dursley,aberthot1x@cnn.com,DMX,Norwegian School of Management BI
212,Dara,Abele,3tnyewo0yp@example.com,,
213,Darcey,Saffran,8iftn4ffun@example.com,,
214,Dare,Wrightham,mgoodley4x@scientificamerican.com,HGV,Windsor University School of Medicine
215,Dari,Steptow,fnmiywzqxi@hotmail.com,,
216,Dari,Woolsey,ov9zk0n8@yahoo.com,,
217,Darnell,Carvell,rauiew46@yahoo.com,,
218,Daron,Stearndale,wse4sh5@gmail.com,,
219,Daryl,Snashall,77fq94an@yahoo.com,,
220,Davide,Ewell,7ingbe@example.com,,
221,Davie,Charpin,bp3ozbn0p@gmail.com,,
222,Davina,Wainscot,wbdid3@example.com,,
223,Davis,Levins,bbillingham27@oakley.com,Jerseys,Saskatchewan Indian Federated College
224,Dayle,Kubatsch,epaa50k9@yahoo.com,,
225,Debee,Brigdale,slehenmann3l@rambler.ru,DV Camera Operator,Salem Teikyo University
226,Debi,Clarke-Williams,cwoolen4a@weather.com,GSE,Harris-Stowe State University
227,Deck,Rizzardo,1nzv38jb4n@gmail.com,,
228,Deeanne,Grimsdith,feztj4ka@example.com,,
229,Deina,Bigland,yq6vmmr@example.com,,
230,Deina,Rome,uju20d0@hotmail.com,,
231,Delmor,Moston,tormistone5u@mit.edu,IAD,St. Joseph's College New York
232,Delores,Heffernon,id8uhe@hotmail.com,,
233,Delphine,Addey,agame2c@businesswire.com,SRDF,Indiana University-Purdue University at Fort Wayne
234,Den,McRoberts,4x2w3@hotmail.com,,
235,Dena,Heartfield,javeling17@taobao.com,Hand-drawn Typography,Institut National des Sciences Appliquées de Rouen
236,Dene,Lackham,ecoast63@ebay.co.uk,Ukulele,Charisma University
237,Deni,Stanislaw,ndw6ui0tas@gmail.com,,
238,Dennison,Veschambre,q5yutz@example.com,,
239,Derick,Gossage,9thrcwzpo@gmail.com,,
240,Derwin,Grinvalds,6wykydwdf@gmail.com,,
241,Devlen,Bazek,sbellham38@msn.com,Live Events,Tumkur University
242,Dido,Newis,lkuhwald4v@nyu.edu,DS3,Technological University (Magway)
243,Dietrich,Marwick,9cvytsw@yahoo.com,,
244,Dilly,Heiner,7xlz20ui@example.com,,
245,Dimitri,Hitter,dmoggie5@chron.com,EKG,Hotelschool The Hague
246,Dimitri,Lyven,svo6xj57a@gmail.com,,
247,Dion,Gooley,awt0rr7bk1@hotmail.com,,
248,Dolli,Gladebeck,xddy02x@hotmail.com,,
249,Dominga,Ollie,psruag@gmail.com,,
250,Dominique,Lower,j68mfuc@example.com,,
251,Dominique,Pettet,wq7mct4l@hotmail.com,,
252,Don,Haines,wrh1s22q@yahoo.com,,
253,Donica,Duiguid,ovkc891t@yahoo.com,,
254,Donna,Suddaby,wbvms@gmail.com,,
255,Donny,Franiak,ych3h7@example.com,,
256,Donny,Spears,nqnywyrt@hotmail.com,,
257,Doralia,Gailor,dsmale3m@ucoz.com,Ice Hockey,Alice-Salomon-Fachhochschule für Sozialarbeit und Sozialpädagogik Berlin
258,Dottie,Feveryear,kzylbermann62@java.com,White Box Testing,Tusculum College
259,Dre,O'Reilly,3ffadokg@gmail.com,,
260,Drusi,Meadmore,qam8y@hotmail.com,,
261,Duff,Conaghy,nbrumbye7@examiner.com,Underscore.js,International School of Management in Prešov
262,Duffy,Admans,xvek8@example.com,,
263,Dun,Treasure,ziij94@gmail.com,,
264,Dusty,Everleigh,3aygz00@gmail.com,,
265,Dusty,Tunnicliff,41d0sqy@example.com,,
266,Eachelle,Coad,aclarricoates4k@odnoklassniki.ru,VB.NET,Oklahoma State University
267,Earl,Wotton,jmvnh@hotmail.com,,
268,Easter,Kennaway,lytshpm@yahoo.com,,
269,Eberhard,Wells,f8zpk@yahoo.com,,
270,Edgar,Normabell,kbachurai@bloglovin.com,Hardware Diagnostics,Sheffield Hallam University
271,Edsel,Oats,s4giwv87p@gmail.com,,
272,Efren,Felgat,ndamato1b@pcworld.com,RSA SecurID,Bharathidasan University
273,Eleonore,MacConnel,2ycjnk9r3n@hotmail.com,,
274,Eli,Cadman,rsuddards3z@fc2.com,Ducting,North University of Baia Mare
275,Elisa,Grieswood,rpollicote1d@biglobe.ne.jp,DVCProHD,Lampang College of Commerce and Technology
276,Elisabet,Maleney,wnovotni25@unc.edu,Rollout,Fiji School of Medicine
277,Elisabet,Willmett,slowry5w@barnesandnoble.com,DLX,Southwest University of Nationalities
278,Ellis,Crowth,wbzsk@example.com,,
279,Elly,Cristofolini,633se9ckwo@example.com,,
280,Ellynn,Romao,eiraxtziq@hotmail.com,,
281,Elnora,Dewes,nfjcf@hotmail.com,,
282,Elwood,Capini,jp83l3@hotmail.com,,
283,Em,Saltrese,shoolaghan2h@goo.ne.jp,ETAP,Rafsanjan University of Medical Sciences
284,Emelina,Laraway,qknu82wq@hotmail.com,,
285,Emilio,Dorrington,r92ywh@gmail.com,,
286,Emily,Woodhouse,bmerrien60@chicagotribune.com,Group Work,Dar al Hekma College
287,Engelbert,Oxborrow,zpwdh2@gmail.com,,
288,Erma,Paraman,mwo3v0ngz9@yahoo.com,,
289,Erminia,Polin,hpiburn1r@ask.com,Award Ceremonies,University of Benin
290,Ernestine,Eberdt,ebariball3p@netlog.com,Avid Newscutter,Zanjan University of Medical Sciences
291,Erwin,MacFadin,upvr9jq@example.com,,
292,Esme,Pow,rpyott8@ucla.edu,Sarbanes-Oxley Act,Da-Yeh University
293,Essie,Blatherwick,z98fic@example.com,,
294,Estele,Tonner,bivn8@example.com,,
295,Estevan,Frankcomb,streffrey26@mac.com,TCPA,Hajvery University Lahore for Women
296,Etheline,Dunsmuir,thoodlass3@mashable.com,IEC 60601,Fachhochschule Kaiserslautern
297,Eudora,Jirsa,1erbpv2p1d@hotmail.com,,
298,Eula,Mingame,v32yepnttl@gmail.com,,
299,Evangelina,Decayette,58yy13doa@gmail.com,,
300,Evelin,Laux,d3asf@yahoo.com,,
301,Evelina,Zanutti,y38uxd@hotmail.com,,
302,Eydie,Kingswell,aumeskrclm@yahoo.com,,
303,Eydie,Moyser,8iqoumzd@hotmail.com,,
304,Eziechiele,Darbyshire,64rpb@hotmail.com,,
305,Fabe,Muckley,ateaz61@europa.eu,TDP,"Webster University, Thailand"
306,Fabien,Isgar,s01awwzb@gmail.com,,
307,Fabien,Matussevich,938ih@hotmail.com,,
308,Fabien,Pactat,8fd75ururz@yahoo.com,,
309,Fairfax,Bohlens,q4a4j@example.com,,
310,Faith,Forsythe,j1zrjw3@hotmail.com,,
311,Fanny,Ryall,uxtwfixn@gmail.com,,
312,Farlee,Raffeorty,fboulger30@ifeng.com,LDAP Administration,Ewha Women's University
313,Farr,Rand,ahammon5f@vk.com,NSA,"University ""Petre Andrei"" Iasi"
314,Fayina,Vittori,kl17ccdvx@gmail.com,,
315,Felic,Buckney,0mt02812u4@hotmail.com,,
316,Felice,Bunt,emargett4o@oakley.com,Network Design,"Fachhochschule Trier, Hochschule für Technik, Wirtschaft und Gestaltung"
317,Felipa,Abelov,epatters6i@amazon.co.uk,Hospitality,Universidade Estadual do Oeste do Paraná
318,Feodor,Vinnicombe,jcxt412@example.com,,
319,Fernande,Chapell,bjacke3r@zdnet.com,Top Secret,Université du Québec en Abitibi-Témiscamingue
320,Fidelia,Ibeson,mgp481@yahoo.com,,
321,Filbert,Matthews,o5wu47@gmail.com,,
322,Findlay,Netherclift,nokh0yb@example.com,,
323,Fitz,Harrhy,idaul@gmail.com,,
324,Flem,Scorthorne,x6rw5m@gmail.com,,
325,Fletch,Kondratenko,db4as3@gmail.com,,
326,Florentia,Stanyon,zo4osm5yu@example.com,,
327,Florida,Duncan,ublyh7@hotmail.com,,
328,Florina,Trime,7t24is0@example.com,,
329,Fons,Rumens,vrubinovn@biblegateway.com,WSIB,European Business School
330,Fonz,Mouget,ycxa51@gmail.com,,
331,Forest,Gutans,o1xm87x4r@hotmail.com,,
332,Fowler,Jakoub,zevsm68@gmail.com,,
333,Francis,Frodsham,i0ekhk@gmail.com,,
334,Frankie,Sorrie,jpyvqmrm@hotmail.com,,
335,Frasier,Flippelli,hcavet4d@networkadvertising.org,Event Planning,Wollo University
336,Frayda,Rubert,wvvgfbuvx@example.com,,
337,Fred,Greenan,rxz75frlp@yahoo.com,,
338,Freddy,Bernadzki,720wdh@hotmail.com,,
339,Freddy,Faltskog,e5q3ji@gmail.com,,
340,Frederich,Ingerson,gbartalini51@biglobe.ne.jp,GNU Debugger,University of Berne
341,Fredi,Ciccerale,bzvvv9z@yahoo.com,,
342,Freedman,Vasovic,0vat0f@gmail.com,,
343,Fremont,Hardingham,rkhf9dmzs@example.com,,
344,Friedrich,Cuberley,05n156502@yahoo.com,,
345,Friedrich,Labrenz,sidyby0stp@example.com,,
346,Friedrich,Rigeby,wdvgm@hotmail.com,,
347,Gabby,Widdows,cs7zc7ldp@hotmail.com,,
348,Gaby,Canario,mvs6kv2gvm@yahoo.com,,
349,Galvan,Ameer-Beg,2hcvvd0699@gmail.com,,
350,Galvan,Seyffert,yqqej@yahoo.com,,
351,Gan,Astlatt,97spm@example.com,,
352,Gar,Sander,ajankiewicz45@xrea.com,RFID,School of Education Pisa
353,Gare,Cumberlidge,ko6ys9f@yahoo.com,,
354,Garrott,Timby,ovc7mibr@hotmail.com,,
355,Garry,Karchowski,55w7sk@gmail.com,,
356,Garth,Colaton,ajw6ku@gmail.com,,
357,Garwin,Nerne,mcrafts50@constantcontact.com,WTP,Union Theological Seminary (UTS)
358,Garwin,Orrick,fl0qpy93p@gmail.com,,
359,Gav,Sibson,cpmkakqhk4@gmail.com,,
360,Gavrielle,Ruddiforth,0ab726pr@hotmail.com,,
361,Gawen,Saltsberg,27mmv2c@yahoo.com,,
362,Gaye,Dureden,mgzvbocioi@example.com,,
363,Gaylene,Lockyer,feomuai@hotmail.com,,
364,Gennie,Gosnay,4gljvrdtv@example.com,,
365,Geoff,MacGinney,8wlmbc@yahoo.com,,
366,Gherardo,Boorman,j4wp5@gmail.com,,
367,Gianni,Diehn,1xsdpl7@hotmail.com,,
368,Giavani,Brew,edabernott6h@51.la,Multimedia,Mälardalen University
369,Gibbie,Berriman,x1dcenzt@yahoo.com,,
370,Gideon,Awmack,beyeington2s@independent.co.uk,SDL,Universidad Mariana
371,Giffard,Dillimore,b35eig3a@example.com,,
372,Giffer,Euesden,pgiggy@boston.com,Security Clearance,Tohwa University
373,Gifford,Ferronier,o5j5vfy@hotmail.com,,
374,Gilda,Cannam,mxy9a5mra@yahoo.com,,
375,Gino,De Cristoforo,gcu9enu7@example.com,,
376,Giordano,Olorenshaw,ycpsqu6@yahoo.com,,
377,Giulia,Edmeades,2lk7noedk@hotmail.com,,
378,Giuseppe,Lightewood,n4286z@gmail.com,,
379,Giuseppe,Paszek,il63aq61@yahoo.com,,
380,Giusto,Sporrij,hpoulsum2g@kickstarter.com,BST,European University at St.Petersburg
381,Glori,Maddams,qv7yh@hotmail.com,,
382,Glyn,Jerman,flo21@example.com,,
383,Goldarina,Abbot,r066ybfp@hotmail.com,,
384,Goldie,Cowap,38he4tbhcs@gmail.com,,
385,Gonzales,Tedridge,aneame2k@wordpress.org,Zen Shiatsu,Youngstown State University
386,Goran,Wickersham,bo8w33s@example.com,,
387,Gordie,Colquete,a0zvkqg@gmail.com,,
388,Gradeigh,Lomis,nareuuabw@yahoo.com,,
389,Grant,Ely,emlqxy@example.com,,
390,Gratiana,Wishart,acoad1g@g.co,Smartboard,Universitas Pekalongan
391,Greg,Marling,n9tsdcw8v@gmail.com,,
392,Gregorio,Ridgers,34ulxf@yahoo.com,,
393,Grethel,Boote,mg7s4fpjbe@example.com,,
394,Grove,Baseke,y7de0@example.com,,
395,Gus,Dallimore,uca5lw9vh@hotmail.com,,
396,Gussy,Le Barre,wpehhb@yahoo.com,,
397,Gusta,Morphet,5jb1ehq@example.com,,
398,Guthrey,Bartot,fnwq6@example.com,,
399,Gwendolin,Doniso,lc0bqefi@yahoo.com,,
400,Gweneth,Banasiak,w4izv29vcb@hotmail.com,,
401,Gweneth,Clemencet,d4jk5@example.com,,
402,Gweneth,Wilstead,lism7d@example.com,,
403,Gwyn,Barbary,jcwtv@gmail.com,,
404,Gwyneth,O'Dougherty,l69r40g6@example.com,,
405,Had,Paulou,0zgkgvwyln@yahoo.com,,
406,Haily,Volcker,kh2tac08@hotmail.com,,
407,Hallsy,Abrahamsson,micnxg@yahoo.com,,
408,Hamil,Shortland,agwilt3v@cpanel.net,Chemistry,Pace University  Pleasantville/Briarcliff
409,Hamish,Archbould,t6s2l39w@example.com,,
410,Hamlin,Aubrey,fuot2mzw@example.com,,
411,Hamnet,Sichardt,hockwell4b@issuu.com,Corporate Governance,Technische Universität Dresden
412,Hardy,Gockelen,q5mdt5@yahoo.com,,
413,Harmony,Skeel,p8huzx9e@yahoo.com,,
414,Hartley,Dunsmore,ytfg5g@gmail.com,,
415,Harvey,Kemm,yink1mjbi@gmail.com,,
416,Hastie,Jirka,xei0th0hd3@yahoo.com,,
417,Hattie,Ugolotti,ki1u1r8ie@example.com,,
418,Hayes,Drust,f2zriu94pz@hotmail.com,,
419,Hayward,Autie,tml12hlpii@example.com,,
420,Heddi,Beaumont,96jhd@gmail.com,,
421,Heloise,Crathern,7bwxsnvn8h@hotmail.com,,
422,Henderson,Siverns,2fnbyca@yahoo.com,,
423,Henrietta,Daelman,60sxbj0@yahoo.com,,
424,Hephzibah,Rosenblum,gfu86r98t1@example.com,,
425,Hertha,Warnock,cmyvs7fqzy@gmail.com,,
426,Herve,Cowpertwait,847yya1s@hotmail.com,,
427,Hillery,Amorts,an5iqx@example.com,,
428,Hiram,Gouldie,acs82@hotmail.com,,
429,Hogan,Iskov,wdrpznm@example.com,,
430,Hogan,Swains,ngnkx4z@example.com,,
431,Holden,Kellick,ltowe2u@eepurl.com,Hyperion,Lubbock Christian University
432,Holt,Limrick,p7joi4no@yahoo.com,,
433,Homerus,Revill,jnl4bykv@example.com,,
434,Horace,Gask,koriit@gmail.com,,
435,Horten,Burchnall,6ibiuyw@gmail.com,,
436,Horten,Tringham,8d5pn@gmail.com,,
437,Huberto,Petel,8gjj4n06g@gmail.com,,
438,Hugibert,Agirre,8b4g1dl3@gmail.com,,
439,Hugo,Rawlyns,gq9hw@gmail.com,,
440,Huntington,Pullen,vouy88k65@gmail.com,,
441,Huntlee,Cruickshanks,b6unmc4n@hotmail.com,,
442,Idalia,Torrecilla,paikett2b@fda.gov,NCP,Tokyo Metropolitan University of Health Sciences
443,Ignacius,Popland,fthunderchief2m@photobucket.com,Video Games,Trent University
444,Ilaire,Scudder,q1m0lv8@gmail.com,,
445,Imogen,Franzettoini,w664jxnu9@example.com,,
446,Ina,Elderkin,1c01yw4@gmail.com,,
447,Inez,Extill,oaxtaso@gmail.com,,
448,Ingrid,Huggan,qp7pka@example.com,,
449,Ingunna,Sterling,eewestace2t@g.co,Rollout,Fine Arts Academy in Gdansk
450,Innis,Whawell,kspeck6e@imgur.com,Urban Infill,Zetech College
451,Iolanthe,Huck,mvoddenc@vistaprint.com,RTL Verification,Drew University
452,Iolanthe,Shade,k26bmcd2m@example.com,,
453,Irita,Jasik,nkinnear5y@usatoday.com,DBU,Deutsche Hochschule für Verwaltungswissenschaften Speyer
454,Isacco,Febre,6q7zvh07z4@yahoo.com,,
455,Isahella,MacDuffie,u6mbdb@yahoo.com,,
456,Issy,Zannini,chehnke2r@barnesandnoble.com,Business Valuation,Temple University School of Podiatric Medicine
457,Jacintha,Tockell,w8lvg63vaf@gmail.com,,
458,Jackelyn,Dhenin,s5i65bey9@gmail.com,,
459,Jackqueline,Ginnell,nariss4w@umn.edu,JProbe,Albion College
460,Jacqui,Treend,3vammnuzy4@gmail.com,,
461,Jaimie,MacDermand,6f8qtv2za@hotmail.com,,
462,Janella,Croneen,w0say36@yahoo.com,,
463,Jannel,Waymont,rtuffell4n@xing.com,Signal Processing,Acharya Ranga Agricultural University
464,Jarrett,Larby,wp3ydoc@example.com,,
465,Jarrod,Stilly,baltimas1l@springer.com,CSCS Card,Harvard University
466,Jarvis,Nelissen,bi6ycau@example.com,,
467,Jeanie,Colquit,bblackborn33@linkedin.com,Broadcast Journalism,Cornell University
468,Jed,Stendell,lcv1ol@gmail.com,,
469,Jeddy,Gobbet,m7d1b@example.com,,
470,Jefferey,Lehrian,rnx7wb@hotmail.com,,
471,Jeffrey,McCaghan,z0lnkeq@example.com,,
472,Jemimah,Grigg,bu8fp@hotmail.com,,
473,Jenelle,Westhoff,nshowl5c@github.com,Job Descriptions,Kansai Gaidai University
474,Jenine,Kornacki,dwubbhnb@example.com,,
475,Jenn,Skones,s4ijpkejij@gmail.com,,
476,Jennilee,Dubique,jpiddsjb8m@gmail.com,,
477,Jeno,Hearnden,f14i4ovcn@example.com,,
478,Jeremias,Faulks,mtabart3d@com.com,Cash Flow,Beijing University of Agriculture
479,Jerrie,Miettinen,0hwusucwz@hotmail.com,,
480,Jessie,Maciaszczyk,u8vcp@example.com,,
481,Jillayne,Pudsey,mq0aolqqj@gmail.com,,
482,Jillie,Colloby,ue3h69ywi@example.com,,
483,Joachim,Alldred,vbaue4i@yahoo.com,,
484,Joana,Goodlake,o85qzct1yz@gmail.com,,
485,Jocelyne,Whitley,wsytg@gmail.com,,
486,Jodie,Tuxsell,hllewhellin6b@wordpress.org,OO Software Development,Universidade Estadual de Santa Cruz
487,Joelie,Burris,rx118@example.com,,
488,Joelle,Ralestone,oderxh@sohu.com,Biomedical Engineering,Columbia University
489,Joelly,Jeger,jbvwai4ou1@gmail.com,,
490,Joey,Kyd,2bzy16dxoz@hotmail.com,,
491,Joey,Whitby,wh8vs@example.com,,
492,Johnna,Litel,atowsie5x@samsung.com,NFL,"Institut National de la Recherche Scientifique, Université du Québec"
493,Jolee,Petruk,7p4pe@yahoo.com,,
494,Joli,Savins,jgj4q43@gmail.com,,
495,Jonah,Hemphill,2aexa6h6s3@example.com,,
496,Jonah,Maddra,t5zrwd@yahoo.com,,
497,Jone,Dubble,ecoolican1a@bbb.org,English,Caleb University
498,Jordanna,Chidley,odingleyt@blogs.com,PMO Services,Ecole Supérieure de Commerce de Clermont-Ferrand
499,Jordon,Ogilvie,kuy9ksb8@gmail.com,,
500,Josey,Trazzi,sgrogono1m@sogou.com,MMI,University of Agriculture and Veterinary Medicine Cluj-Napoca
501,Josh,Tyson,6ksx0mt@yahoo.com,,
502,Joshia,Backe,ztwb2mea@example.com,,
503,Joshia,Haryngton,860pi47f@hotmail.com,,
504,Joshuah,Judkins,i4bkluwpll@hotmail.com,,
505,Jude,Widocks,orsee0c@example.com,,
506,Judy,Whitham,rhierro57@netlog.com,Routing Protocols,Tribhuvan University Kathmandu
507,Jule,Chivrall,dcby9az4g@gmail.com,,
508,Julia,Rozec,qqhjr4@yahoo.com,,
509,Julie,Cloney,f3nh3duae@gmail.com,,
510,Junie,Lorman,x1s92fyff3@gmail.com,,
511,Justus,Larder,vsylb@gmail.com,,
512,Kaia,Jenkinson,nwennington1v@vimeo.com,iReport,Libyan International Medical University (LIMU)
513,Kalindi,Nobes,rh9co0s4ce@example.com,,
514,Kamila,Izsak,alnb3uoibg@gmail.com,,
515,Kandace,Mueller,uo4bk4@yahoo.com,,
516,Karel,Sturridge,zxzf65491z@yahoo.com,,
517,Kari,Estable,ni0yuku@example.com,,
518,Karoly,McQuorkell,bbottby2f@pbs.org,Accounts Payable,University of Otago
519,Karrah,Newton,mlabroue4m@hubpages.com,New Hire Orientations,Universidad Tecnológica América
520,Kata,Allkins,5sxfdr@example.com,,
521,Kathryne,Diegan,dsima0@bluehost.com,Secure FTP,Toyama Medical and Pharmaceutical University
522,Katleen,Boldra,6l2nd@hotmail.com,,
523,Katrine,Kmiec,6veqr@gmail.com,,
524,Katuscha,Kempton,7t8vq@hotmail.com,,
525,Katy,Burry,n6diei20@example.com,,
526,Kaycee,Cortez,mz79bifjwk@gmail.com,,
527,Kayley,Licciardo,thanington4t@is.gd,Credit,Qingdao University
528,Keane,Townshend,7umogs2xf@example.com,,
529,Kelby,Southgate,9i1a6a@example.com,,
530,Kendal,Swayland,16zi3ifz4@hotmail.com,,
531,Kennith,Gosse,dbtzpk8@gmail.com,,
532,Kenon,Rakes,i1vzsui@yahoo.com,,
533,Kerby,Joysey,gdowthwaite35@ow.ly,EOD,African University of Science and Technology
534,Kerrill,Reddings,mf4sb@example.com,,
535,Kerry,Guynemer,mhansford5t@forbes.com,CFD,Universität des Saarlandes
536,Kerwinn,Panchen,xz7hh3a6@example.com,,
537,Kimberli,Mace,ybnfy@yahoo.com,,
538,Kimble,Huriche,s0fyar@example.com,,
539,Kimmy,Marwick,ijqok@gmail.com,,
540,Kinna,Atteridge,bm9kmfo2@gmail.com,,
541,Kip,Strowan,tlloyds1o@deviantart.com,SBR,Dakota Wesleyan University
542,Kippie,Hinks,5ctu9j8zxi@yahoo.com,,
543,Kirstin,Barcroft,pxqzs4q7n@yahoo.com,,
544,Kissiah,Farthin,fgreenhouse2l@icq.com,XDoclet,Beloit College
545,Kitti,Kleyn,p8uxzd44hl@example.com,,
546,Klement,Wellum,flv3am16ms@gmail.com,,
547,Kleon,Harmeston,2bryw523ns@gmail.com,,
548,Konstantine,Rigge,adw0p@gmail.com,,
549,Korey,Hazeldean,jlongfut2i@dedecms.com,OEM contracts,Universidad Autonoma Monterrey
550,Korey,MacArte,cg4nul7h1a@gmail.com,,
551,Kris,Gander,t8c9j6q6o1@gmail.com,,
552,Kristo,Beinisch,5uz8cc@gmail.com,,
553,Kristofor,Gant,pi4yigz4@yahoo.com,,
554,Krystyna,Richemont,ddrakew@apple.com,Microsoft Publisher,Universidad de Almería
555,Kurt,Acom,lxlykjgcm9@example.com,,
556,Lacee,Oakes,w5tozz6mwa@example.com,,
557,Lamar,Marcome,ha2nv@yahoo.com,,
558,Lamont,Baum,d83av96@yahoo.com,,
559,Lane,Cremen,vvntoxa7@yahoo.com,,
560,Laney,Furze,90glt@yahoo.com,,
561,Latisha,Minshull,iquvzvbr@yahoo.com,,
562,Laura,Hunnam,kdibble9@google.co.jp,Service Delivery,Technical University of Timisoara
563,Laureen,Amberg,dromaynes5j@cyberchimps.com,EBSD,Gandhara Institute of Medical Sciences
564,Laureen,Simonard,sgreest1i@virginia.edu,Computer Network Operations,Catholic University in Ružomberok
565,Laurella,Budgeon,apeyton4s@wp.com,Reaction Kinetics,"Institute of Teachers Education, Rajang"
566,Lavena,Conerding,d5rw7zw@example.com,,
567,Lavinia,Ower,maxk215@gmail.com,,
568,Lawton,Humphrys,larter2a@nhs.uk,JTAPI,Universidad Católica de Santo Domingo
569,Lebbie,Prebble,zy0z6sg2@gmail.com,,
570,Leda,Taill,3e4d1m0@yahoo.com,,
571,Lee,Holleworth,jfs1wp79@gmail.com,,
572,Lee,Semrad,yw0yf1@gmail.com,,
573,Lefty,Hyman,tyk51t@example.com,,
574,Leigh,Orris,4or952nk@gmail.com,,
575,Leo,Buswell,lnfee@example.com,,
576,Leola,Swindley,drbt81j@gmail.com,,
577,Leonelle,McGinley,0umh97@example.com,,
578,Leonhard,Faiers,t5rek1@yahoo.com,,
579,Les,Rambaut,atnfr@hotmail.com,,
580,Lesley,Pauncefoot,s33uzicofi@yahoo.com,,
581,Leslie,Bremner,zuhcmuy@example.com,,
582,Lev,Denkin,bznfwrjod@hotmail.com,,
583,Lexine,MacDowal,e5l0ahcna5@example.com,,
584,Libby,Hedge,m4jc1dyl9@hotmail.com,,
585,Lila,Bellon,kmouser3h@hubpages.com,PMD,Suan Dusit Rajabhat University
586,Lilah,Verma,v3we6tf6@yahoo.com,,
587,Liliane,O'Dougherty,ltt6p@hotmail.com,,
588,Lilith,Mair,3ijn901ig@yahoo.com,,
589,Linda,Bane,6njng@gmail.com,,
590,Linda,De Atta,65rkpz@gmail.com,,
591,Lindsy,Ashbee,ktsdrw77cf@yahoo.com,,
592,Lindsy,Cherry,t6dis@hotmail.com,,
593,Linell,De Zamudio,fstrangman2j@europa.eu,CCENT,Hannam University
594,Linus,Fley,u42fx@yahoo.com,,
595,Lisle,Whitewood,vnyk0ftcn@yahoo.com,,
596,Lissa,Rumbellow,6mjs17@gmail.com,,
597,Liva,Steuart,gcongdon19@studiopress.com,MMIC,Capital University of Medical Sciences
598,Livvy,Domesday,191fh5v@example.com,,
599,Lizette,Bruckmann,o6ttv78nat@gmail.com,,
600,Logan,Pepon,l9oxv@yahoo.com,,
601,Lolly,Lutas,7yeim02b7b@example.com,,
602,Lonee,Taleworth,py2n9b8@example.com,,
603,Lonni,Broggelli,mcnce9jxnp@hotmail.com,,
604,Lonnie,Fleote,lmedewayf@house.gov,IFMA,Arak University of Medical Sciences
605,Lorelei,Fibbings,87me34u@yahoo.com,,
606,Lorelei,Trollope,h5n2mkjpl@example.com,,
607,Lorelle,Steere,il5rdl8ay@hotmail.com,,
608,Lorena,Van der Hoeven,a3bb1zo@example.com,,
609,Lorenza,Matushevich,b25trg@yahoo.com,,
610,Lorianna,Willgoss,9ot0djyd@yahoo.com,,
611,Lorianne,McTrustey,syqkjf4dxo@yahoo.com,,
612,Lorin,Hannabus,w4rkx977@yahoo.com,,
613,Lorrie,Hatchett,oo6uwo32e@yahoo.com,,
614,Louisette,Nial,uwesp4es4@gmail.com,,
615,Lovell,Ruddle,vflipsen3q@reference.com,Events Coordination,Fine Arts Academy in Gdansk
616,Luce,Dancer,8uvfeh@gmail.com,,
617,Lucho,Lennox,xa71lqs4m5@example.com,,
618,Lucian,McKenzie,c1aj3@hotmail.com,,
619,Lucila,McGuffie,fyb1r0d6n@yahoo.com,,
620,Lucine,Cammocke,8adsk2cc9i@gmail.com,,
621,Lucine,Kirtley,qgmmy7g@hotmail.com,,
622,Lurette,Tabor,5kj4su4rt@yahoo.com,,
623,Lutero,Florence,witvl@example.com,,
624,Lyle,Scurfield,9hgntqhg@hotmail.com,,
625,Lyn,Kynge,d17abw@example.com,,
626,Mace,Zottoli,osgba@gmail.com,,
627,Maddie,Benoix,ese23m4ks@example.com,,
628,Maddy,Eaton,s4tvix@example.com,,
629,Madelaine,Hutchcraft,vdqk7@gmail.com,,
630,Madelene,Skittrall,yml17ke@yahoo.com,,
631,Madlin,Tivolier,kq068tth@hotmail.com,,
632,Magdalena,Woolpert,4ono3@example.com,,
633,Mair,Blacklidge,gcoastq@dailymotion.com,ABS,European Carolus Magnus University
634,Malcolm,Prescott,ssowley10@nasa.gov,XFire,Flagler College
635,Malena,Buglass,rdacks3i@samsung.com,PNF,"Islamic Azad University, Boukan"
636,Malinda,Wolfit,dtmikc@yahoo.com,,
637,Malissa,McKibben,7ny5yk0pbr@gmail.com,,
638,Manolo,Pinxton,noda3ys@yahoo.com,,
639,Manya,Hilland,tisacq3c@shinystat.com,Print On Demand,Katholieke Hogeschool Limburg
640,Marcellus,Chesher,ebw11ndu0@example.com,,
641,Marchall,Pemble,9iph3h76q@hotmail.com,,
642,Maren,Corroyer,6exfa0@hotmail.com,,
643,Margarete,Bond,moggers2e@blog.com,Aquaponics,Maxim Gorky Institute of Literature
644,Maribeth,Plumridge,ayd9501hlx@gmail.com,,
645,Marie,Dowthwaite,jedvpr3uv@hotmail.com,,
646,Marigold,Bayley,k7f8xc@gmail.com,,
647,Marilee,Cawker,0ayjbmpk1@example.com,,
648,Marketa,Jeffers,dypbvtd@example.com,,
649,Markos,Every,tjouanny2d@pen.io,JCR,Campbell University
650,Marlane,Jude,g2g05rjbss@yahoo.com,,
651,Marten,Stangroom,givasechko67@ocn.ne.jp,Recruitment Advertising,St. John's University
652,Maryellen,Sands-Allan,kverheyden3x@ning.com,PWB,Community College of Denver
653,Maryrose,MacPhail,nxqb6f@hotmail.com,,
654,Massimo,Lovering,cvt72fsa@hotmail.com,,
655,Matias,Highman,uklkill4@yahoo.com,,
656,Matt,Tilberry,h6tew@gmail.com,,
657,Matthaeus,Hewkin,ghaet3o@skype.com,Lean Manufacturing,University of the South
658,Mattheus,Aldie,gtrebilcock3k@discuz.net,Java Enterprise Edition,Fachhochschulstudiengänge Steyr
659,Matthieu,Lusher,rojbhpqkr@gmail.com,,
660,Matthieu,Salliere,jghe6@gmail.com,,
661,Maurise,Abrahim,bkirlin4z@weebly.com,IACUC,Ruhr-Universität Bochum
662,Maurits,Altimas,9yg1mu@gmail.com,,
663,Maxi,Morl,dnsjs75@yahoo.com,,
664,Maximo,Sabbatier,yrttkdgiw4@hotmail.com,,
665,Meade,Corrett,o85upuy@hotmail.com,,
666,Meaghan,Stansbie,nburston53@si.edu,Fire Alarm,Arab American University - Jenin
667,Meggy,Syres,mazamg@google.fr,JVM,University of Applied Sciences Aargau
668,Meghann,Willars,92k11c449@gmail.com,,
669,Melantha,Negri,8v4zopk30@gmail.com,,
670,Melinda,Wrout,q8vyx9o@example.com,,
671,Melisent,Sperwell,snutq2g1@gmail.com,,
672,Melloney,Frizell,f214q@hotmail.com,,
673,Melvin,Ivy,pzkug0@hotmail.com,,
674,Mendel,Macewan,9sgzuu3@hotmail.com,,
675,Merell,Ewbank,cf6az2w@yahoo.com,,
676,Meris,Rooke,ary6m@hotmail.com,,
677,Merna,Form,hqw038@yahoo.com,,
678,Merrilee,Heads,wj2g40@hotmail.com,,
679,Merrill,Fricker,puhqoowgi@gmail.com,,
680,Meta,Brickell,adezamudio4g@forbes.com,DS4000,China USA Business University
681,Micah,McKeeman,sobj3d@gmail.com,,
682,Micky,Alders,6rvgm8s02d@yahoo.com,,
683,Micky,Gallandre,dbecconsall2n@state.tx.us,Avid,Universidad de Jaén
684,Mignonne,Thireau,fangel12@geocities.com,Nokia Qt,Bellin College of Nursing
685,Mil,McGrae,4j2tbbyy1m@example.com,,
686,Mildred,Maclean,ewjywy0@yahoo.com,,
687,Milicent,Gibke,c2amqrirx@example.com,,
688,Milli,Stinson,8vcr5zvb91@example.com,,
689,Min,Brandenberg,e976mzoq@example.com,,
690,Miner,Oleksiak,zgztx@gmail.com,,
691,Mirabel,Poone,skot6@yahoo.com,,
692,Mirilla,Ackenhead,fgbqmk6@gmail.com,,
693,Mirilla,Cristofol,mgw7sip@example.com,,
694,Mohandas,Van Hault,hkristoffersson21@cam.ac.uk,Lynx,Sichuan Fine Art Institute
695,Molly,Fouracre,eh9uvj@hotmail.com,,
696,Mommy,Sanford,bopfsc@yahoo.com,,
697,Morganne,Vasilyev,53rsdf@example.com,,
698,Mose,Drover,uv07drvph@yahoo.com,,
699,Moss,Laidel,vhszex5@hotmail.com,,
700,Muffin,Lafoy,d71ls6@hotmail.com,,
701,Muhammad,Le Grys,kpapierz5m@weather.com,HMI Configuration,Sultan Azlan Shah Polytechnic 
702,Munroe,Fargher,g6f00@hotmail.com,,
703,Murry,Noulton,hsalkeld5h@opera.com,Rural Development,Royal College of Physicians of Ireland
704,Myles,Carmody,fmoscone56@cdc.gov,DBMS,University of Wisconsin - River Falls
705,Myrtia,Beteriss,wwj153@hotmail.com,,
706,Myrtia,Morritt,fueyj9vuf@yahoo.com,,
707,Myrvyn,Harmeston,jjtnqtoqru@example.com,,
708,Nani,Hune,dymfb00@gmail.com,,
709,Natalina,Wensley,0slz5io@gmail.com,,
710,Natasha,Isabell,c5tpx@yahoo.com,,
711,Natassia,Gres,4742msku@yahoo.com,,
712,Nathaniel,Ivakhno,t54chj@yahoo.com,,
713,Nathaniel,Parlet,7y33jy6f@hotmail.com,,
714,Nathanil,Worrell,thfqf@example.com,,
715,Nealson,Cooch,mlongford1n@posterous.com,KPI Implementation,Universidad Nacional de Entre Ríos
716,Nell,Herity,wsv9n3@gmail.com,,
717,Neron,Dailly,63kj6ri19@yahoo.com,,
718,Nerta,Monsey,bchivrall3j@msn.com,Vulcan,Kent State University - Salem
719,Nevin,Benasik,acr3858y@yahoo.com,,
720,Nicholle,Forster,9qu5bxrf@example.com,,
721,Nicol,Whacket,sp6arlf@yahoo.com,,
722,Nicolina,Brigstock,y9ui6@hotmail.com,,
723,Nicoline,Gasnell,pfeldon49@etsy.com,ITIL v3 Foundations Certified,University of Missouri - Columbia
724,Nikolas,Coggings,7cv0zxr@example.com,,
725,Nikoletta,Lobbe,bke4u@hotmail.com,,
726,Nikos,Probart,8cndkq93@yahoo.com,,
727,Nil,Liversedge,jcherry4c@cloudflare.com,RFP,Yantai University
728,Noak,Hardingham,yfdbzv8i53@yahoo.com,,
729,Noam,McPhilip,ocnfxik3e@yahoo.com,,
730,Nobe,Greatbach,hmartello22@ed.gov,Healthcare,"Islamic Azad University, Bandar Abbas"
731,Noemi,Minnette,gjerrard4q@bing.com,PV Design,Maharishi University of Management
732,Nolly,Wisher,yfhpg1d@gmail.com,,
733,Nonie,Yeldham,irykc1@gmail.com,,
734,Norean,Duffrie,5wm2oga1gv@example.com,,
735,Noreen,Allatt,wakf1ynbk@example.com,,
736,Norine,Gowan,ablackesland1t@xing.com,eGain,University of Osijek
737,Norine,Lofthouse,f3f5apvn0@yahoo.com,,
738,Odelia,Cason,232ob@yahoo.com,,
739,Odell,Sinott,mgaskill46@miibeian.gov.cn,LTL,Charisma University
740,Odey,Furman,isyag1@yahoo.com,,
741,Odie,Flecknoe,mfaircleyu@hibu.com,JDA E3,Berry College
742,Ole,Vignaux,lz2jmo@gmail.com,,
743,Olenka,Askem,fcm6ebk9@gmail.com,,
744,Ollie,Phoenix,3av8e20y@gmail.com,,
745,Olvan,Figge,m08xd0@gmail.com,,
746,Ora,Gullick,3o9u5o4@hotmail.com,,
747,Orelee,Curmi,povill5o@admin.ch,Rubber,Kardan University
748,Oriana,Venning,bcleyburn2w@odnoklassniki.ru,UART,Paichai University
749,Orlan,Perfect,yuzoiu@gmail.com,,
750,Osbert,Jose,2va57@gmail.com,,
751,Osborn,Comber,lloudwell4p@photobucket.com,Odyssey,Universidad de Monterrey
752,Osbourne,Dickin,ij79pg5z@yahoo.com,,
753,Osmond,Heck,vg0woy587a@yahoo.com,,
754,Paloma,Dillimore,dalbertson1@nba.com,SDI,Indian School of Business Management and Administration
755,Pancho,Pumphrey,abdyfkw@gmail.com,,
756,Paolina,Skitterel,szd1vn@example.com,,
757,Papageno,Miguet,ol5vq3zycb@example.com,,
758,Parnell,Matyja,3m7ur4880@gmail.com,,
759,Patricia,Trevear,qxntyfrda4@hotmail.com,,
760,Patsy,Heisham,zynqw6n@gmail.com,,
761,Pavel,Carwithen,h4r0g@yahoo.com,,
762,Peggie,Wetton,4ifzqx@hotmail.com,,
763,Peggy,O'Carney,9jin9fp@yahoo.com,,
764,Peri,Sangwin,7khvep1@hotmail.com,,
765,Phelia,Grellier,v9fbm1c@hotmail.com,,
766,Phil,Gibben,obiaggioli6@so-net.ne.jp,Rural Community Development,Universidad APEC
767,Prinz,Richly,etroj@gmail.com,,
768,Putnam,Breton,lvvbucy@example.com,,
769,Queenie,Bruni,qw1c95o@gmail.com,,
770,Quincy,Fowden,um7aaeao@hotmail.com,,
771,Quint,Mulcock,f34our9rce@yahoo.com,,
772,Quintus,Chaldecott,gschumacher59@sfgate.com,IPv6,Technological University (Pinlon)
773,Rafe,Cantor,1oh48z1@hotmail.com,,
774,Raffarty,Mugford,iafzz@gmail.com,,
775,Ramon,Philipeaux,hyum0v@yahoo.com,,
776,Randell,Garden,xrd3ry7id@gmail.com,,
777,Ransell,Turtle,tc0t800zbz@yahoo.com,,
778,Raoul,Strickler,pambrose54@123-reg.co.uk,KOL Development,"DeVry Institute of Technology, Pomona"
779,Raphael,Garthshore,af9b75@yahoo.com,,
780,Raphaela,Ruf,bmeakes3n@sohu.com,Cashiering,University of Technology
781,Raviv,McRuvie,stankin20@posterous.com,Google Docs,Ludwig-Maximilians-Universität München
782,Raynell,Larroway,hvooghtm@taobao.com,CPLD,Agder University College
783,Rayner,Faux,yqfxlo@yahoo.com,,
784,Rebe,Slowan,hwhyz0jds@yahoo.com,,
785,Red,McLenahan,7sstkkjzb@gmail.com,,
786,Reeba,O'Hear,j66goa6p@example.com,,
787,Reece,cornhill,lb0yv@gmail.com,,
788,Reena,Lanphere,rbollands1j@google.com.br,SQL Azure,University of North Texas Health Science Center at Fort Worth
789,Rees,Diglin,lm4kb9zg@gmail.com,,
790,Regan,Boniface,5ng7om@yahoo.com,,
791,Regan,Di Boldi,e0l7v@gmail.com,,
792,Regen,Chippindale,uffo364@gmail.com,,
793,Reider,Pitcaithley,rhbqba6e@gmail.com,,
794,Reina,Lapthorn,qn1jem5o@yahoo.com,,
795,Reina,Zeplin,0ua445ktrm@gmail.com,,
796,Reta,Drohane,tdignon18@va.gov,Investment Banking,Instituto Tecnológico y de Estudios Superiores de Monterrey (ITESM)
797,Reube,Bloxham,ng59q@yahoo.com,,
798,Reube,Cristou,fk2ymbxu@example.com,,
799,Reuven,Sidey,kgarthside6f@yahoo.co.jp,R&amp;TTE,Southwestern University School of Law
800,Revkah,Heighway,lctjo@hotmail.com,,
801,Reynold,Badby,3fo86ns@gmail.com,,
802,Rhianna,Braniff,1dbdsgx5yh@hotmail.com,,
803,Rhoda,Folkes,tvyoqxfk@example.com,,
804,Rich,Aven,sk3nwfqga@example.com,,
805,Risa,Hyndson,csegeswoeth3g@ftc.gov,DNSSEC,Boricua College
806,Robbin,Bierman,agguv1k4ev@example.com,,
807,Robby,Laidler,73b3qg@gmail.com,,
808,Robbyn,Aronsohn,sverrico3e@msn.com,EU Competition Law,Northern Illinois University
809,Robert,Langmuir,ejqe5@hotmail.com,,
810,Robin,McNea,hp0pa9w@gmail.com,,
811,Roch,Sergant,sbolens69@craigslist.org,CBD,Thomas More College of Liberal Arts
812,Rochell,Cummings,8e1am7d@hotmail.com,,
813,Roddie,Klaves,sd4a2w@gmail.com,,
814,Rollin,Jorge,6aowypf@hotmail.com,,
815,Romeo,Dockery,rvqvi@gmail.com,,
816,Ronica,Duplan,lbugdall5b@dailymotion.com,Emergency Nursing,Greenville College
817,Ronna,Stewartson,o9f1smflrx@gmail.com,,
818,Ronnie,Guiel,y1akuq5mfd@yahoo.com,,
819,Rory,McIan,kkdom9do@hotmail.com,,
820,Rose,Leeming,4r4c4x5v9@yahoo.com,,
821,Rose,Pattle,l3ktxe55@yahoo.com,,
822,Rosella,Larchiere,9thofslx@hotmail.com,,
823,Rosene,Hanshawe,gfinem962@yahoo.com,,
824,Rowen,Orgel,a7ixudmhzs@gmail.com,,
825,Rowena,Pardew,d5xoo@hotmail.com,,
826,Rozella,Bagott,9ahll@gmail.com,,
827,Rubie,Refford,8v3ga@hotmail.com,,
828,Rubina,Collar,fiv9ewbdbm@example.com,,
829,Ryann,Spendlove,phainsworth4f@economist.com,Scripting,University of the Southern Caribbean
830,Sal,Whitty,ipichmann2x@php.net,CND,National Fisheries University
831,Sally,Bathoe,kcgy347@gmail.com,,
832,Sallyanne,Gilson,krh5lj@gmail.com,,
833,Salomone,Ikin,8i58epy8e@gmail.com,,
834,Samara,Dundendale,frnv5c0@example.com,,
835,Sandi,Fritschmann,rtxwk644o4@yahoo.com,,
836,Sandi,Plose,vv63a3@hotmail.com,,
837,Sandra,Kienzle,fbaderl@oaic.gov.au,RPG,Benguet State University
838,Sanford,Braisted,jvidyapin5q@gravatar.com,Glazing,Universidad Nacional de Colombia
839,Sansone,Berceros,ivamplers68@nasa.gov,DSP BIOS,Africa Nazarene University
840,Sarah,Burniston,lbethel41@slideshare.net,Electronics,Ukrainian Medical Stomatological Academy
841,Sarajane,Rooze,7bzrc@gmail.com,,
842,Sascha,Gallaway,c9pecnf@gmail.com,,
843,Sashenka,Baldelli,fucceli1k@histats.com,Octave,New College of California
844,Saul,Pashan,pmacanespie66@narod.ru,Oracle Applications,Institut d'Etudes Politiques de Bordeaux
845,Saunders,Clibbery,q5gmbrb@gmail.com,,
846,Saunderson,O'Corrigane,nk3ny6dmlw@example.com,,
847,Seana,Askham,7nltvmyu@gmail.com,,
848,Seka,Osbaldstone,0l3g8nbl@hotmail.com,,
849,Selby,Kelleher,yi8f5@yahoo.com,,
850,Selie,Echlin,u621sfd@example.com,,
851,Selinda,Bartolini,shru7e19if@yahoo.com,,
852,Selle,Hambidge,hoz33egdh@yahoo.com,,
853,Sephira,Frary,cyh60tsi1@gmail.com,,
854,Shaine,Mackneis,37qre@hotmail.com,,
855,Shandy,Porte,pvvqb8o1@hotmail.com,,
856,Sharyl,Harring,mossenna36@wsj.com,WiMAX,Universidade do Grande Rio
857,Shayne,Baynes,nxpsqsae6@hotmail.com,,
858,Shayne,Sisey,fw7ee@yahoo.com,,
859,Sheeree,Poxon,0wx74eqa@yahoo.com,,
860,Shelagh,Jeremaes,hbettinson4@psu.edu,Software Documentation,Beijing Union University
861,Shell,Espinel,jzanettini1e@gravatar.com,Publishing,University of Nevada - Reno
862,Shelley,Bodycote,g7uzdp3kx@yahoo.com,,
863,Shelley,Schirok,542cay9@yahoo.com,,
864,Shellie,Pettyfer,i62ero@yahoo.com,,
865,Shelly,Bento,0hk1lw@example.com,,
866,Shem,Talby,rtfaz8bw@hotmail.com,,
867,Shepard,Sinnatt,ysbjkgveem@yahoo.com,,
868,Shepherd,Popland,cjaggard5g@lulu.com,Waterfall,Alaska Bible College
869,Sheppard,Lago,dw3nghubp8@example.com,,
870,Sherman,Gatsby,htompkiss5a@multiply.com,Laptops,University of Media Arts
871,Shoshanna,Rodden,bt6s1uvkx6@hotmail.com,,
872,Si,Arnoll,zc1p35x7s@hotmail.com,,
873,Sianna,Hengoed,j9vfjhpu09@example.com,,
874,Sibylle,Pickworth,gmcgenis58@parallels.com,Leases,Tomsk State University
875,Sidnee,Jezard,kp8zxicw@example.com,,
876,Sile,Rainy,5dttgxq5@hotmail.com,,
877,Sile,Sheivels,ssex1s@yolasite.com,QSA,John Carroll University
878,Simone,Gladebeck,osp3cu8@hotmail.com,,
879,Simone,Tookey,amedland31@marketwatch.com,LP,University of Batangas
880,Skipp,Langman,ldotterill4u@sciencedaily.com,Graphics,Universidad Empresarial Siglio 21
881,Sol,Charkham,0q69s25q7e@example.com,,
882,Somerset,Erskin,sfrarys@mit.edu,Loss Prevention,Canadian Sudanese College
883,Son,Raggatt,rfilisov14@vinaora.com,CME,Martin University
884,Sonnie,Petrosian,1t2laqs0@example.com,,
885,Sonny,Cuffe,n3p58@yahoo.com,,
886,Spense,Giddons,gglinde1w@blinklist.com,IVF,Universidad Nacional Experimental de la Fuerza Armada
887,Stacie,Roussel,eoel5@example.com,,
888,Staford,Donaway,vq0j5u1nd@example.com,,
889,Star,Chapelhow,amichelmore4l@businessinsider.com,Insurance,Seigakuin University
890,Star,Plaunch,4s4p6@hotmail.com,,
891,Stearne,Yosifov,kl6fez370f@gmail.com,,
892,Sterling,Greenslade,q1avu@example.com,,
893,Stillman,Shugg,j7nes@hotmail.com,,
894,Stinky,Josefsen,687gi2o3@yahoo.com,,
895,Sukey,Dugan,m3o9o0tpxf@hotmail.com,,
896,Susan,Coenraets,j1l4zgb@hotmail.com,,
897,Susannah,Yegorchenkov,morumr@goodreads.com,KCS,Universidade de Aveiro
898,Susanne,Auchinleck,0csywig@example.com,,
899,Susanne,Sea,mgmn3bghl@hotmail.com,,
900,Susi,Cosins,h8abty7b@yahoo.com,,
901,Sutherland,Jeannaud,jbadcock32@issuu.com,User Interface,Ramkhamhaeng University
902,Suzette,Grevile,zj96i@gmail.com,,
903,Sybilla,Renihan,9js6qeza@example.com,,
904,Sylvester,Izzatt,mbabhmm@yahoo.com,,
905,Syman,Hinckes,pnv2yla@example.com,,
906,Symon,Hoovart,xd9gkgsnan@example.com,,
907,Taffy,Swire,ezbehe@gmail.com,,
908,Tamarra,Woodroff,khubback40@about.com,TPU,University of Zambia
909,Tami,House,x7xur18fn@hotmail.com,,
910,Tammara,Praundl,fau313d@hotmail.com,,
911,Tandie,Rigate,yh43r@gmail.com,,
912,Tandy,Gilmour,15bwxny@hotmail.com,,
913,Tandy,Hanny,u9qweyw48@yahoo.com,,
914,Tanya,Keme,fnitf@yahoo.com,,
915,Tawnya,Albion,xskep1h@hc360.com,Vulnerability,Viterbo State University
916,Terrill,Davsley,rpellingar55@newyorker.com,Odeon,Ringling College of Art and Design
917,Tessi,Courage,u8rjdia@hotmail.com,,
918,Tessie,Hugonin,e6cwogm3u@gmail.com,,
919,Thadeus,Sponton,1v1oxci2x@example.com,,
920,Theobald,Janous,bs3su@example.com,,
921,Therese,Slorach,azb4z8lqi@gmail.com,,
922,Therine,Parchment,bjejz1l@example.com,,
923,Thorpe,Rushworth,j1472zcju@yahoo.com,,
924,Thorsten,Lilly,ntwfmjw@example.com,,
925,Thurstan,Rossbrooke,n5f3vf@yahoo.com,,
926,Tiebout,Olivet,6r1ksz@gmail.com,,
927,Tiff,Yeoland,4i0rlxi0@example.com,,
928,Tildie,Burberye,q73fshk@yahoo.com,,
929,Tildie,Skalls,mxk26iym9g@yahoo.com,,
930,Tillie,Rounds,ol6pzxdt@example.com,,
931,Timmy,Arkow,i0ysxruzx@yahoo.com,,
932,Timmy,Milsom,wn7olhuu0@yahoo.com,,
933,Timothee,Readman,bbrumbye29@elegantthemes.com,HTML5,Universitas Islam Indonesia
934,Tina,Golden of Ireland,0nr14ux4t@gmail.com,,
935,Tiphanie,Lacy,opgxjezryc@yahoo.com,,
936,Tirrell,Ramel,oyng2@hotmail.com,,
937,Tisha,Bengefield,sipsl@hotmail.com,,
938,Tobit,Cabrara,dcoil5r@msu.edu,CTP,Western State University College of Law
939,Tomi,Flexman,idz39ohcrg@example.com,,
940,Tori,Harte,jdowtry13@shinystat.com,Online Publishing,Sylhet Agricultural University
941,Torrey,Leaburn,1e3cz58@example.com,,
942,Town,Andrzejak,222ywygj@yahoo.com,,
943,Towny,Curtin,zwqym2nusw@yahoo.com,,
944,Trent,Bertome,8bvcy@hotmail.com,,
945,Trey,Spenley,mzdfp6er5z@gmail.com,,
946,Trista,Saturley,mihu55o@gmail.com,,
947,Truda,Stoyle,kex0fact2@gmail.com,,
948,Trude,Jeram,e19ezq@hotmail.com,,
949,Trudie,Ibbetson,bjxp1u2ab3@hotmail.com,,
950,Ulises,Tregoning,7r8g9c@yahoo.com,,
951,Ulrick,Walford,8ht0urx5y@yahoo.com,,
952,Umberto,Churm,nscarez@abc.net.au,Criminal Justice,Hebei University of Economics and Trade
953,Una,Chstney,lyfawer8y@gmail.com,,
954,Urbano,Strute,vdiruggiero2v@alibaba.com,RF Circuits,Kagoshima Women's College
955,Valdemar,Pretley,bgj6ihi4@hotmail.com,,
956,Valentine,Ambrogelli,i25rakva@yahoo.com,,
957,Valerie,Brearty,57rigttq@example.com,,
958,Valry,Sainter,slrl5g1f64@example.com,,
959,Vanny,Tingley,hrya2mpxs0@hotmail.com,,
960,Vera,Patek,v6xpf4l@yahoo.com,,
961,Verena,Rowsel,paa0nu3ioa@yahoo.com,,
962,Veronika,Quarrie,it9vpi@yahoo.com,,
963,Vinnie,Torrans,fo4i1gf@hotmail.com,,
964,Von,Wabey,2g8ax@yahoo.com,,
965,Wald,Burnes,zfhhsx8ju@yahoo.com,,
966,Waneta,Lawson,1sawl68z@gmail.com,,
967,Waylan,Neames,mmcbay64@opera.com,Food Processing,San Francisco Art Institute
968,Wayland,Henkens,kd0o90bmj9@yahoo.com,,
969,Webb,Reely,7pq6eul4@gmail.com,,
970,Weber,Hambric,hrued62s1@yahoo.com,,
971,Weber,Yeldham,xc3paj@yahoo.com,,
972,Wenda,Mauro,tjakeman4j@stanford.edu,Hazardous Waste Management,University of Kuopio
973,Wendye,Terrett,claweles2p@state.tx.us,iOS Development,International Ataturk Alatoo University
974,Wenona,Bavin,y71s67i4q2@gmail.com,,
975,Wesley,Kenford,kshowell1y@smugmug.com,Accounts Payable,Chulalongkorn University
976,Whitman,Pendre,iilyinski2@about.com,IPO,"Long Island University, C.W. Post Campus"
977,Willdon,Greenhead,d6oiu2@gmail.com,,
978,Willi,Cavilla,p04zrpe0@example.com,,
979,Willy,Brosi,9qhju@example.com,,
980,Winn,Works,xcek0@hotmail.com,,
981,Winne,Kleehuhler,1cxhfcxv@hotmail.com,,
982,Winny,Ainsby,8iczht6ehk@hotmail.com,,
983,Winny,Weiss,1sao8xb30p@example.com,,
984,Wolf,Maxweell,g1zlb4a@gmail.com,,
985,Wyatt,Myatt,e2bfm5zsjq@yahoo.com,,
986,Wynne,Steeples,y56zu7mxv@gmail.com,,
987,Yetta,Filippone,98unzhyskx@gmail.com,,
988,Yolane,Maidens,suelfdb3p@yahoo.com,,
989,Yuma,De Biasio,lpostle5e@cargocollective.com,Blue Ocean Strategy,Universitas Pakuan
990,Yuma,O'Currine,018zx4pb@gmail.com,,
991,Yurik,Hubber,acordelette48@discuz.net,Xetra,University of Agriculture and Veterinary Medicine Timisoara
992,Yvon,Wannan,p9ip3cwh2z@yahoo.com,,
993,Zachariah,Calvard,3b634kee9j@yahoo.com,,
994,Zackariah,Maryman,0snal26d@yahoo.com,,
995,Zaria,Wiggall,tcw4slha4@yahoo.com,,
996,Zeb,Absalom,crolingson3b@berkeley.edu,Live Events,National Taras Shevchenko University of Kiev
997,Zeb,Audrey,n1hyv@yahoo.com,,
998,Zenia,Novotne,btowson3w@google.fr,Small Business Development,Kyushu University of Nursing and SocialWelfare
999,Zoe,Garrand,mhellikes37@ow.ly,Direct Marketing,Kobe City University of ForeignStudies
1000,Zsazsa,Peart,38dl0@hotmail.com,,
1001,,,,,
